{"cameraMode":{"drawMode":0,"name":"Shaded","section":"Shading Mode"},"sceneLighting":true,"audioPlay":false,"sceneViewState":{"m_AlwaysRefresh":false,"showFog":true,"showSkybox":true,"showFlares":true,"showImageEffects":true,"showParticleSystems":true,"showVisualEffectGraphs":true,"m_FxEnabled":true},"in2DMode":false,"pivot":{"x":-15.192200660705567,"y":40.531578063964847,"z":17.216941833496095},"rotation":{"x":-0.3586302697658539,"y":-0.6332622170448303,"z":0.41204604506492617,"w":-0.5493050217628479},"size":28.413070678710939,"orthographic":false}